"Status","Start Time","Stop Time","Duration in ms","Parent Suite","Suite","Sub Suite","Test Class","Test Method","Name","Description"
"passed","Wed Dec 16 22:47:19 CST 2020","Wed Dec 16 22:47:19 CST 2020","1","","check_calculator","CheckCalc","","","check_div[bigint]",""
"passed","Wed Dec 16 22:47:19 CST 2020","Wed Dec 16 22:47:19 CST 2020","0","","check_calculator","CheckCalc","","","check_sub[init]",""
"passed","Wed Dec 16 22:47:19 CST 2020","Wed Dec 16 22:47:19 CST 2020","1","","check_calculator","CheckCalc","","","check_sub[bigint]",""
"passed","Wed Dec 16 22:47:19 CST 2020","Wed Dec 16 22:47:19 CST 2020","0","","check_calculator","CheckCalc","","","check_add[mius]",""
"passed","Wed Dec 16 22:47:19 CST 2020","Wed Dec 16 22:47:19 CST 2020","0","","check_calculator","CheckCalc","","","check_div[mius]",""
"passed","Wed Dec 16 22:47:19 CST 2020","Wed Dec 16 22:47:19 CST 2020","0","","check_calculator","CheckCalc","","","check_multi[init]",""
"passed","Wed Dec 16 22:47:19 CST 2020","Wed Dec 16 22:47:19 CST 2020","1","","check_calculator","CheckCalc","","","check_div[init]",""
"passed","Wed Dec 16 22:47:19 CST 2020","Wed Dec 16 22:47:19 CST 2020","0","","check_calculator","CheckCalc","","","check_add[bigint]",""
"passed","Wed Dec 16 22:47:19 CST 2020","Wed Dec 16 22:47:19 CST 2020","1","","check_calculator","CheckCalc","","","check_multi[mius]",""
"passed","Wed Dec 16 22:47:19 CST 2020","Wed Dec 16 22:47:19 CST 2020","1","","check_calculator","CheckCalc","","","check_multi[bigint]",""
"passed","Wed Dec 16 22:47:19 CST 2020","Wed Dec 16 22:47:19 CST 2020","0","","check_calculator","CheckCalc","","","check_sub[mius]",""
"passed","Wed Dec 16 22:47:19 CST 2020","Wed Dec 16 22:47:19 CST 2020","1","","check_calculator","CheckCalc","","","check_add[init]",""
